Gene,Mutation,Lineage
N,D3L,Alpha
N,R203K,Alpha
ORF1a,T1001I,Alpha
S,D614G,Alpha
S,A570D,Alpha
S,D1118H,Alpha
ORF1a,A1708D,Alpha
ORF8,S84L,Alpha
ORF1b,P314L,Alpha
S,S982A,Alpha
ORF8,Y73C,Alpha
S,T716I,Alpha
ORF8,Q27*,Alpha
N,S235F,Alpha
S,P681H,Alpha
ORF8,R52I,Alpha
S,N501Y,Alpha
ORF1a,I2230T,Alpha
ORF1a,del3675/3677,Alpha
S,del69/70,Alpha
S,del144/144,Alpha
N,G204R,Alpha
N,T205I,Beta
S,D614G,Beta
ORF1a,T265I,Beta
ORF8,S84L,Beta
ORF1a,K3353R,Beta
S,D80A,Beta
E,P71L,Beta
S,A701V,Beta
ORF3a,Q57H,Beta
S,D215G,Beta
ORF1a,del3675/3677,Beta
ORF1a,K1655N,Beta
S,K417N,Beta
ORF3a,S171L,Beta
ORF1b,P314L,Beta
S,N501Y,Beta
S,E484K,Beta
S,E156G,Delta
S,D614G,Delta
ORF3a,S26L,Delta
ORF8,S84L,Delta
S,P681R,Delta
ORF1b,P314L,Delta
M,I82T,Delta
ORF1b,P1000L,Delta
N,R203M,Delta
S,T19R,Delta
ORF1b,G662S,Delta
N,D377Y,Delta
S,T478K,Delta
S,L452R,Delta
N,D63G,Delta
ORF8,del119/120,Delta
S,D950N,Delta
ORF7a,T120I,Delta
ORF7a,V82A,Delta
S,del157/158,Delta
ORF1b,A1918V,Delta
ORF1a,T3646A,Delta
ORF1a,V2930L,Delta
ORF1a,T3255I,Delta
ORF1a,A1306S,Delta
ORF1a,P2046L,Delta
N,G215C,Delta
ORF7b,T40I,Delta
ORF1a,P2287S,Delta
N,S2Y,Eta
ORF1b,P314F,Eta
S,D614G,Eta
ORF8,S84L,Eta
M,I82T,Eta
ORF1a,T2007I,Eta
S,Q677H,Eta
S,F888L,Eta
S,E484K,Eta
ORF6,del2/3,Eta
S,A67V,Eta
ORF1a,del3675/3677,Eta
S,del69/70,Eta
S,del144/144,Eta
N,del3/3,Eta
N,A12G,Eta
N,T205I,Eta
S,Q52R,Eta
E,L21F,Eta
N,R203K,Gamma
S,D614G,Gamma
ORF8,S84L,Gamma
ORF1b,P314L,Gamma
ORF1a,K1795Q,Gamma
N,P80R,Gamma
ORF1b,E1264D,Gamma
ORF3a,S253P,Gamma
S,H655Y,Gamma
S,V1176F,Gamma
ORF1a,S1188L,Gamma
S,L18F,Gamma
ORF8,E92K,Gamma
S,P26S,Gamma
ORF1a,del3675/3677,Gamma
S,T20N,Gamma
S,T1027I,Gamma
S,N501Y,Gamma
S,K417T,Gamma
S,D138Y,Gamma
N,G204R,Gamma
S,E484K,Gamma
S,R190S,Gamma
ORF1a,T265I,Iota
S,D614G,Iota
ORF3a,Q57H,Iota
ORF1a,L3201P,Iota
ORF1b,P314L,Iota
S,T95I,Iota
ORF8,S84L,Iota
ORF1b,Q1011H,Iota
ORF1a,del3675/3677,Iota
ORF3a,P42L,Iota
ORF8,T11I,Iota
S,D253G,Iota
S,L5F,Iota
S,D614G,Kappa
ORF8,S84L,Kappa
ORF1b,P314L,Kappa
S,P681R,Kappa
ORF3a,S26L,Kappa
ORF1b,M1352I,Kappa
ORF1a,T3646A,Kappa
ORF1a,T1567I,Kappa
N,R203M,Kappa
ORF1b,K2310R,Kappa
S,L452R,Kappa
S,E484Q,Kappa
N,D377Y,Kappa
ORF7a,V82A,Kappa
S,Q1071H,Kappa
S,R246N,Lambda
N,R203K,Lambda
S,D614G,Lambda
ORF1b,P314L,Lambda
ORF8,S84L,Lambda
ORF1a,T3255I,Lambda
ORF1a,L3201P,Lambda
ORF1a,F2387V,Lambda
S,T859N,Lambda
ORF1a,T1246I,Lambda
N,P13L,Lambda
S,L452Q,Lambda
N,G214C,Lambda
N,G204R,Lambda
ORF1a,P2287S,Lambda
S,T76I,Lambda
S,F490S,Lambda
ORF1a,del3675/3677,Lambda
S,G75V,Lambda
ORF1a,G3278S,Lambda
S,del247/253,Lambda
S,D614G,Mu
ORF3a,Q57H,Mu
S,P681H,Mu
ORF1a,T1055A,Mu
ORF8,S84L,Mu
ORF1a,T3255I,Mu
ORF1a,T1538I,Mu
ORF8,T11K,Mu
ORF8,P38S,Mu
ORF1b,P1342S,Mu
S,R346K,Mu
ORF1a,Q3729R,Mu
N,T205I,Mu
ORF1b,P314L,Mu
ORF3a,del256/257,Mu
S,T95I,Mu
S,N501Y,Mu
S,E484K,Mu
S,D950N,Mu
S,Y145N,Mu
ORF8,S67F,Mu
S,Y144S,Mu
ORF1a,S2083I,Omicron
S,N211I,Omicron
S,G142D,Omicron
S,S371L,Omicron
N,R203K,Omicron
ORF1a,A2710T,Omicron
ORF1a,I3758V,Omicron
ORF1a,T3255I,Omicron
ORF1b,P314L,Omicron
S,D614G,Omicron
S,H655Y,Omicron
S,T547K,Omicron
ORF1a,K856R,Omicron
ORF1a,P3395H,Omicron
S,A67V,Omicron
S,G339D,Omicron
S,S373P,Omicron
S,T95I,Omicron
N,G204R,Omicron
S,D796Y,Omicron
S,N856K,Omicron
S,Q954H,Omicron
E,T9I,Omicron
M,D3G,Omicron
S,N969K,Omicron
M,Q19E,Omicron
S,L981F,Omicron
S,G496S,Omicron
S,Q493R,Omicron
S,Q498R,Omicron
M,A63T,Omicron
S,N501Y,Omicron
S,N679K,Omicron
S,P681H,Omicron
S,S375F,Omicron
S,E484A,Omicron
S,S477N,Omicron
S,T478K,Omicron
S,Y505H,Omicron
ORF1b,I1566V,Omicron
ORF1a,del2084/2084,Omicron
S,del69/70,Omicron
ORF1a,del3674/3676,Omicron
S,del212/212,Omicron
S,del143/145,Omicron